{
  "backend": "neal",
  "adjacency_mode": "major",
  "num_courses": 47,
  "num_students": 19,
  "num_enrollments": 73,
  "k": 8,
  "avg_courses_per_student": 3.8421052631578947,
  "runtime_seconds": 0.07239198684692383,
  "energy": -23442900.0,
  "is_valid": false,
  "graph_conflict_edges": 238,
  "solution_conflict_violations": 11,
  "num_conflicts": 11,
  "graph_conflict_density_pct": 22.01665124884366,
  "conflict_violations_pct": 4.621848739495799,
  "colors_used": 8,
  "coloring": {
    "0": 6,
    "1": 0,
    "2": 4,
    "3": 7,
    "4": 7,
    "5": 6,
    "6": 6,
    "7": 4,
    "8": 4,
    "9": 4,
    "10": 0,
    "11": 1,
    "12": 4,
    "13": 7,
    "14": 2,
    "15": 3,
    "16": 4,
    "17": 4,
    "18": 1,
    "19": 3,
    "20": 6,
    "21": 5,
    "22": 6,
    "23": 2,
    "24": 4,
    "25": 5,
    "26": 7,
    "27": 1,
    "28": 0,
    "29": 0,
    "30": 2,
    "31": 4,
    "32": 2,
    "33": 7,
    "34": 6,
    "35": 5,
    "36": 0,
    "37": 0,
    "38": 3,
    "39": 1,
    "40": 5,
    "41": 3,
    "42": 5,
    "43": 6,
    "44": 3,
    "45": 4,
    "46": 1
  }
}