{
  "backend": "neal",
  "adjacency_mode": "all",
  "num_courses": 82,
  "num_students": 41,
  "num_enrollments": 161,
  "k": 18,
  "avg_courses_per_student": 3.926829268292683,
  "runtime_seconds": 53.61649799346924,
  "energy": -52656299.99999753,
  "is_valid": true,
  "graph_conflict_edges": 344,
  "solution_conflict_violations": 0,
  "num_conflicts": 0,
  "graph_conflict_density_pct": 10.358325805480277,
  "conflict_violations_pct": 0.0,
  "c1_onehot_violations": 0,
  "c2_conflict_violations": 0,
  "c3_consecutive_violations": 0,
  "c4_slots_over_capacity": 0,
  "c4_max_overflow": 0.0,
  "c4_total_overflow": 0.0,
  "other_violations": 0,
  "repair": {
    "attempted": true,
    "applied": true,
    "message": "Brute-force repair succeeded for 10 exams after visiting 10 nodes.",
    "repaired_exam_count": 10,
    "search_nodes": 10
  },
  "colors_used": 18,
  "coloring": {
    "0": 7,
    "1": 9,
    "2": 16,
    "3": 9,
    "4": 7,
    "5": 10,
    "6": 10,
    "7": 3,
    "8": 11,
    "9": 6,
    "10": 15,
    "11": 13,
    "12": 5,
    "13": 17,
    "14": 8,
    "15": 14,
    "18": 4,
    "19": 16,
    "20": 4,
    "21": 17,
    "22": 3,
    "23": 5,
    "24": 6,
    "25": 0,
    "26": 14,
    "27": 4,
    "30": 16,
    "31": 6,
    "33": 0,
    "34": 7,
    "36": 9,
    "37": 17,
    "38": 8,
    "39": 3,
    "40": 4,
    "41": 0,
    "42": 14,
    "43": 17,
    "44": 10,
    "45": 4,
    "46": 1,
    "47": 1,
    "48": 11,
    "49": 13,
    "51": 15,
    "52": 2,
    "54": 3,
    "55": 8,
    "56": 16,
    "57": 6,
    "58": 14,
    "59": 11,
    "60": 8,
    "61": 2,
    "62": 1,
    "63": 14,
    "64": 16,
    "65": 16,
    "66": 11,
    "67": 3,
    "68": 10,
    "69": 6,
    "70": 1,
    "71": 11,
    "72": 14,
    "73": 0,
    "74": 16,
    "75": 12,
    "76": 16,
    "77": 17,
    "79": 4,
    "81": 8,
    "53": 5,
    "32": 2,
    "35": 12,
    "50": 7,
    "28": 1,
    "29": 9,
    "78": 0,
    "80": 2,
    "16": 0,
    "17": 2
  }
}