{
  "backend": "neal",
  "adjacency_mode": "major",
  "num_courses": 47,
  "num_students": 19,
  "num_enrollments": 73,
  "k": 8,
  "avg_courses_per_student": 3.8421052631578947,
  "runtime_seconds": 0.07169079780578613,
  "energy": -23445000.0,
  "is_valid": false,
  "num_conflicts": 11,
  "graph_conflict_density_pct": 22.01665124884366,
  "conflict_violations_pct": 4.621848739495799,
  "colors_used": 8,
  "coloring": {
    "0": 4,
    "1": 3,
    "2": 7,
    "3": 6,
    "4": 5,
    "5": 1,
    "6": 1,
    "7": 3,
    "8": 1,
    "9": 5,
    "10": 6,
    "11": 0,
    "12": 5,
    "13": 4,
    "14": 7,
    "15": 2,
    "16": 3,
    "17": 5,
    "18": 0,
    "19": 5,
    "20": 7,
    "21": 1,
    "22": 3,
    "23": 1,
    "24": 5,
    "25": 4,
    "26": 7,
    "27": 4,
    "28": 2,
    "29": 3,
    "30": 1,
    "31": 5,
    "32": 1,
    "33": 6,
    "34": 0,
    "35": 6,
    "36": 2,
    "37": 2,
    "38": 3,
    "39": 6,
    "40": 5,
    "41": 4,
    "42": 2,
    "43": 3,
    "44": 7,
    "45": 4,
    "46": 2
  }
}