{
  "backend": "neal",
  "adjacency_mode": "major",
  "num_courses": 70,
  "num_students": 40,
  "num_enrollments": 142,
  "k": 16,
  "avg_courses_per_student": 3.55,
  "runtime_seconds": 32.34422492980957,
  "energy": -23737900.000001345,
  "is_valid": true,
  "graph_conflict_edges": 295,
  "solution_conflict_violations": 0,
  "num_conflicts": 0,
  "graph_conflict_density_pct": 12.215320910973086,
  "conflict_violations_pct": 0.0,
  "c1_onehot_violations": 0,
  "c2_conflict_violations": 0,
  "c3_consecutive_violations": 0,
  "c4_slots_over_capacity": 0,
  "c4_max_overflow": 0.0,
  "c4_total_overflow": 0.0,
  "other_violations": 0,
  "repair": {
    "attempted": true,
    "applied": true,
    "message": "Brute-force repair succeeded for 4 exams after visiting 4 nodes (best C3=0, moves=4).",
    "repaired_exam_count": 4,
    "search_nodes": 4
  },
  "colors_used": 16,
  "coloring": {
    "0": 7,
    "1": 10,
    "2": 4,
    "3": 8,
    "4": 6,
    "5": 0,
    "6": 12,
    "7": 9,
    "8": 10,
    "9": 12,
    "10": 1,
    "11": 10,
    "12": 4,
    "13": 14,
    "14": 14,
    "15": 8,
    "16": 5,
    "17": 0,
    "18": 14,
    "19": 11,
    "20": 7,
    "21": 2,
    "22": 9,
    "23": 11,
    "25": 5,
    "26": 14,
    "27": 14,
    "28": 8,
    "29": 6,
    "31": 0,
    "32": 3,
    "33": 7,
    "35": 12,
    "36": 1,
    "37": 12,
    "38": 10,
    "39": 3,
    "40": 8,
    "41": 8,
    "42": 7,
    "43": 0,
    "44": 9,
    "45": 13,
    "46": 15,
    "47": 4,
    "48": 2,
    "49": 5,
    "50": 11,
    "51": 15,
    "53": 7,
    "54": 10,
    "55": 6,
    "56": 13,
    "57": 9,
    "58": 3,
    "59": 7,
    "60": 8,
    "61": 4,
    "62": 12,
    "63": 14,
    "64": 4,
    "65": 2,
    "66": 0,
    "67": 15,
    "68": 4,
    "69": 0,
    "30": 1,
    "52": 9,
    "24": 0,
    "34": 1
  }
}