{
  "backend": "neal",
  "adjacency_mode": "major",
  "num_courses": 70,
  "num_students": 40,
  "num_enrollments": 142,
  "k": 14,
  "avg_courses_per_student": 3.55,
  "runtime_seconds": 33.370980739593506,
  "energy": -41000942.8571436,
  "is_valid": false,
  "graph_conflict_edges": 295,
  "solution_conflict_violations": 1,
  "num_conflicts": 1,
  "graph_conflict_density_pct": 12.215320910973086,
  "conflict_violations_pct": 0.3389830508474576,
  "c1_onehot_violations": 1,
  "c2_conflict_violations": 1,
  "c3_consecutive_violations": 2,
  "c4_slots_over_capacity": 0,
  "c4_max_overflow": 0.0,
  "c4_total_overflow": 0.0,
  "other_violations": 1,
  "repair": {
    "attempted": true,
    "applied": false,
    "message": "Brute-force repair failed within node budget (visited 1 nodes, limit=200000).",
    "repaired_exam_count": 4,
    "search_nodes": 1
  },
  "colors_used": 14,
  "coloring": {
    "0": 9,
    "1": 13,
    "2": 6,
    "3": 10,
    "4": 12,
    "5": 10,
    "6": 4,
    "7": 2,
    "8": 1,
    "9": 13,
    "10": 0,
    "11": 11,
    "12": 3,
    "13": 1,
    "14": 12,
    "15": 7,
    "16": 4,
    "17": 12,
    "18": 4,
    "19": 6,
    "20": 1,
    "21": 11,
    "22": 4,
    "23": 6,
    "24": 8,
    "25": 13,
    "26": 2,
    "27": 13,
    "28": 11,
    "29": 3,
    "30": 1,
    "31": 7,
    "32": 5,
    "33": 7,
    "34": 1,
    "35": 4,
    "36": 11,
    "37": 5,
    "38": 6,
    "39": 9,
    "40": 13,
    "41": 10,
    "42": 4,
    "43": 2,
    "44": 10,
    "45": 12,
    "46": 1,
    "47": 8,
    "49": 10,
    "50": 0,
    "51": 13,
    "52": 4,
    "53": 2,
    "54": 2,
    "55": 9,
    "56": 4,
    "57": 1,
    "58": 9,
    "59": 12,
    "60": 4,
    "61": 6,
    "62": 9,
    "63": 7,
    "64": 10,
    "65": 0,
    "66": 8,
    "67": 7,
    "68": 4,
    "69": 12
  }
}