{
  "backend": "neal",
  "adjacency_mode": "all",
  "num_courses": 82,
  "num_students": 41,
  "num_enrollments": 161,
  "k": 18,
  "avg_courses_per_student": 3.926829268292683,
  "runtime_seconds": 59.17203712463379,
  "energy": -52636700.0,
  "is_valid": false,
  "graph_conflict_edges": 344,
  "solution_conflict_violations": 0,
  "num_conflicts": 0,
  "graph_conflict_density_pct": 10.358325805480277,
  "conflict_violations_pct": 0.0,
  "c3_consecutive_violations": 37,
  "c4_slots_over_capacity": 0,
  "c4_max_overflow": 0.0,
  "c4_total_overflow": 0.0,
  "colors_used": 18,
  "coloring": {
    "0": 8,
    "1": 12,
    "2": 4,
    "3": 6,
    "4": 1,
    "5": 8,
    "6": 0,
    "7": 15,
    "8": 13,
    "9": 4,
    "10": 13,
    "11": 17,
    "12": 6,
    "13": 0,
    "14": 11,
    "15": 3,
    "16": 12,
    "17": 14,
    "18": 10,
    "19": 17,
    "20": 10,
    "21": 4,
    "22": 17,
    "23": 2,
    "24": 9,
    "25": 6,
    "26": 6,
    "27": 5,
    "28": 1,
    "29": 17,
    "30": 7,
    "31": 0,
    "32": 0,
    "33": 8,
    "34": 14,
    "35": 3,
    "36": 6,
    "37": 4,
    "38": 10,
    "39": 8,
    "40": 2,
    "41": 2,
    "42": 3,
    "43": 9,
    "44": 13,
    "45": 17,
    "46": 11,
    "47": 1,
    "48": 5,
    "49": 0,
    "50": 13,
    "51": 16,
    "52": 2,
    "53": 15,
    "54": 7,
    "55": 1,
    "56": 12,
    "57": 10,
    "58": 2,
    "59": 5,
    "60": 0,
    "61": 13,
    "62": 9,
    "63": 2,
    "64": 9,
    "65": 7,
    "66": 4,
    "67": 10,
    "68": 14,
    "69": 1,
    "70": 6,
    "71": 8,
    "72": 11,
    "73": 16,
    "74": 10,
    "75": 0,
    "76": 10,
    "77": 11,
    "78": 14,
    "79": 7,
    "80": 3,
    "81": 16
  }
}