{
  "backend": "neal",
  "adjacency_mode": "all",
  "num_courses": 82,
  "num_students": 41,
  "num_enrollments": 161,
  "k": 18,
  "avg_courses_per_student": 3.926829268292683,
  "runtime_seconds": 59.46766185760498,
  "energy": -52643600.0,
  "is_valid": false,
  "graph_conflict_edges": 344,
  "solution_conflict_violations": 0,
  "num_conflicts": 0,
  "graph_conflict_density_pct": 10.358325805480277,
  "conflict_violations_pct": 0.0,
  "c1_onehot_violations": 0,
  "c2_conflict_violations": 0,
  "c3_consecutive_violations": 26,
  "c4_slots_over_capacity": 0,
  "c4_max_overflow": 0.0,
  "c4_total_overflow": 0.0,
  "other_violations": 0,
  "colors_used": 18,
  "coloring": {
    "0": 8,
    "1": 0,
    "2": 17,
    "3": 2,
    "4": 11,
    "5": 0,
    "6": 8,
    "7": 2,
    "8": 13,
    "9": 8,
    "10": 6,
    "11": 15,
    "12": 12,
    "13": 0,
    "14": 11,
    "15": 4,
    "16": 10,
    "17": 14,
    "18": 15,
    "19": 15,
    "20": 15,
    "21": 6,
    "22": 0,
    "23": 8,
    "24": 15,
    "25": 8,
    "26": 2,
    "27": 11,
    "28": 8,
    "29": 14,
    "30": 4,
    "31": 13,
    "32": 13,
    "33": 16,
    "34": 4,
    "35": 11,
    "36": 2,
    "37": 0,
    "38": 17,
    "39": 1,
    "40": 8,
    "41": 7,
    "42": 3,
    "43": 10,
    "44": 7,
    "45": 9,
    "46": 16,
    "47": 14,
    "48": 5,
    "49": 10,
    "50": 17,
    "51": 15,
    "52": 8,
    "53": 0,
    "54": 14,
    "55": 6,
    "56": 12,
    "57": 1,
    "58": 17,
    "59": 8,
    "60": 0,
    "61": 0,
    "62": 12,
    "63": 4,
    "64": 1,
    "65": 12,
    "66": 7,
    "67": 10,
    "68": 11,
    "69": 4,
    "70": 13,
    "71": 15,
    "72": 2,
    "73": 8,
    "74": 9,
    "75": 5,
    "76": 17,
    "77": 5,
    "78": 0,
    "79": 11,
    "80": 17,
    "81": 2
  }
}