{
  "backend": "neal",
  "adjacency_mode": "major",
  "num_courses": 47,
  "num_students": 19,
  "num_enrollments": 73,
  "k": 8,
  "avg_courses_per_student": 3.8421052631578947,
  "runtime_seconds": 0.07094311714172363,
  "energy": -23441700.0,
  "is_valid": false,
  "graph_conflict_edges": 238,
  "solution_conflict_violations": 9,
  "num_conflicts": 9,
  "graph_conflict_density_pct": 22.01665124884366,
  "conflict_violations_pct": 3.7815126050420167,
  "colors_used": 8,
  "coloring": {
    "0": 5,
    "1": 7,
    "2": 3,
    "3": 4,
    "4": 5,
    "5": 3,
    "6": 5,
    "7": 3,
    "8": 7,
    "9": 1,
    "10": 1,
    "11": 2,
    "12": 7,
    "13": 5,
    "14": 6,
    "16": 1,
    "17": 7,
    "18": 0,
    "19": 1,
    "20": 6,
    "21": 0,
    "22": 4,
    "23": 3,
    "24": 5,
    "25": 6,
    "26": 3,
    "27": 0,
    "28": 7,
    "29": 7,
    "30": 3,
    "31": 1,
    "32": 4,
    "33": 2,
    "34": 2,
    "35": 4,
    "36": 5,
    "37": 5,
    "38": 7,
    "39": 3,
    "40": 5,
    "41": 1,
    "42": 6,
    "43": 3,
    "44": 7,
    "45": 2,
    "46": 4
  }
}