{
  "backend": "neal",
  "adjacency_mode": "major",
  "num_courses": 47,
  "num_students": 19,
  "num_enrollments": 73,
  "k": 8,
  "avg_courses_per_student": 3.8421052631578947,
  "runtime_seconds": 0.0740509033203125,
  "energy": -23439900.0,
  "is_valid": false,
  "num_conflicts": 8,
  "graph_conflict_density_pct": 0.0,
  "conflict_violations_pct": 3.361344537815126,
  "colors_used": 8,
  "coloring": {
    "0": 7,
    "1": 2,
    "2": 3,
    "3": 1,
    "4": 3,
    "5": 6,
    "6": 6,
    "7": 0,
    "8": 3,
    "9": 1,
    "10": 6,
    "11": 0,
    "12": 3,
    "13": 5,
    "14": 1,
    "16": 5,
    "17": 2,
    "19": 0,
    "20": 2,
    "21": 7,
    "22": 2,
    "23": 4,
    "24": 0,
    "25": 4,
    "26": 4,
    "27": 7,
    "28": 5,
    "29": 0,
    "30": 6,
    "31": 3,
    "32": 6,
    "33": 7,
    "34": 1,
    "35": 1,
    "36": 0,
    "37": 3,
    "38": 5,
    "39": 1,
    "40": 0,
    "41": 7,
    "42": 4,
    "43": 3,
    "44": 7,
    "45": 2,
    "46": 5
  }
}