{
  "backend": "neal",
  "adjacency_mode": "major",
  "num_courses": 58,
  "num_students": 25,
  "num_enrollments": 90,
  "k": 10,
  "avg_courses_per_student": 3.6,
  "runtime_seconds": 0.12275505065917969,
  "energy": -29325800.0,
  "is_valid": false,
  "graph_conflict_edges": 265,
  "solution_conflict_violations": 7,
  "num_conflicts": 7,
  "graph_conflict_density_pct": 16.031457955232913,
  "conflict_violations_pct": 2.6415094339622645,
  "c3_consecutive_violations": 36,
  "c4_slots_over_capacity": 0,
  "c4_max_overflow": 0.0,
  "c4_total_overflow": 0.0,
  "colors_used": 10,
  "coloring": {
    "0": 8,
    "1": 7,
    "2": 3,
    "3": 1,
    "4": 6,
    "5": 7,
    "6": 1,
    "7": 5,
    "8": 9,
    "9": 7,
    "10": 2,
    "11": 1,
    "12": 4,
    "13": 9,
    "14": 8,
    "15": 5,
    "16": 8,
    "17": 5,
    "18": 9,
    "19": 2,
    "20": 4,
    "21": 4,
    "22": 1,
    "23": 8,
    "24": 1,
    "25": 5,
    "26": 7,
    "27": 1,
    "28": 6,
    "29": 2,
    "30": 0,
    "31": 5,
    "32": 2,
    "33": 7,
    "34": 3,
    "35": 1,
    "36": 4,
    "37": 9,
    "38": 8,
    "39": 6,
    "40": 7,
    "41": 9,
    "42": 9,
    "43": 2,
    "44": 3,
    "45": 0,
    "46": 6,
    "47": 4,
    "48": 5,
    "49": 8,
    "50": 6,
    "51": 6,
    "52": 2,
    "53": 9,
    "54": 0,
    "55": 1,
    "56": 4,
    "57": 2
  }
}