{
  "backend": "neal",
  "adjacency_mode": "major",
  "num_courses": 58,
  "num_students": 25,
  "num_enrollments": 90,
  "k": 10,
  "avg_courses_per_student": 3.6,
  "runtime_seconds": 0.12276077270507812,
  "energy": -29325800.0,
  "is_valid": false,
  "graph_conflict_edges": 265,
  "solution_conflict_violations": 8,
  "num_conflicts": 8,
  "graph_conflict_density_pct": 16.031457955232913,
  "conflict_violations_pct": 3.018867924528302,
  "c1_onehot_violations": 0,
  "c2_conflict_violations": 8,
  "c3_consecutive_violations": 28,
  "c4_slots_over_capacity": 0,
  "c4_max_overflow": 0.0,
  "c4_total_overflow": 0.0,
  "other_violations": 0,
  "colors_used": 10,
  "coloring": {
    "0": 5,
    "1": 2,
    "2": 9,
    "3": 3,
    "4": 8,
    "5": 7,
    "6": 9,
    "7": 1,
    "8": 4,
    "9": 7,
    "10": 2,
    "11": 9,
    "12": 1,
    "13": 7,
    "14": 5,
    "15": 1,
    "16": 0,
    "17": 7,
    "18": 9,
    "19": 5,
    "20": 1,
    "21": 7,
    "22": 4,
    "23": 5,
    "24": 1,
    "25": 9,
    "26": 8,
    "27": 4,
    "28": 2,
    "29": 4,
    "30": 5,
    "31": 6,
    "32": 0,
    "33": 9,
    "34": 4,
    "35": 7,
    "36": 1,
    "37": 3,
    "38": 6,
    "39": 3,
    "40": 8,
    "41": 8,
    "42": 2,
    "43": 0,
    "44": 3,
    "45": 1,
    "46": 7,
    "47": 3,
    "48": 7,
    "49": 3,
    "50": 1,
    "51": 8,
    "52": 3,
    "53": 2,
    "54": 1,
    "55": 7,
    "56": 5,
    "57": 9
  }
}