{
  "backend": "neal",
  "adjacency_mode": "all",
  "num_courses": 82,
  "num_students": 41,
  "num_enrollments": 161,
  "k": 18,
  "avg_courses_per_student": 3.926829268292683,
  "runtime_seconds": 59.4887421131134,
  "energy": -52642900.0,
  "is_valid": true,
  "graph_conflict_edges": 344,
  "solution_conflict_violations": 0,
  "num_conflicts": 0,
  "graph_conflict_density_pct": 10.358325805480277,
  "conflict_violations_pct": 0.0,
  "colors_used": 18,
  "coloring": {
    "0": 0,
    "1": 4,
    "2": 16,
    "3": 14,
    "4": 14,
    "5": 5,
    "6": 17,
    "7": 13,
    "8": 14,
    "9": 7,
    "10": 13,
    "11": 9,
    "12": 7,
    "13": 0,
    "14": 10,
    "15": 2,
    "16": 1,
    "17": 14,
    "18": 17,
    "19": 11,
    "20": 5,
    "21": 16,
    "22": 12,
    "23": 5,
    "24": 0,
    "25": 9,
    "26": 3,
    "27": 13,
    "28": 9,
    "29": 10,
    "30": 16,
    "31": 7,
    "32": 12,
    "33": 5,
    "34": 3,
    "35": 17,
    "36": 11,
    "37": 5,
    "38": 2,
    "39": 17,
    "40": 16,
    "41": 8,
    "42": 1,
    "43": 0,
    "44": 16,
    "45": 13,
    "46": 8,
    "47": 3,
    "48": 17,
    "49": 0,
    "50": 6,
    "51": 2,
    "52": 9,
    "53": 15,
    "54": 6,
    "55": 10,
    "56": 4,
    "57": 8,
    "58": 1,
    "59": 14,
    "60": 7,
    "61": 0,
    "62": 14,
    "63": 0,
    "64": 11,
    "65": 0,
    "66": 17,
    "67": 17,
    "68": 7,
    "69": 9,
    "70": 17,
    "71": 10,
    "72": 0,
    "73": 11,
    "74": 7,
    "75": 13,
    "76": 8,
    "77": 12,
    "78": 2,
    "79": 0,
    "80": 8,
    "81": 6
  }
}