{
  "backend": "neal",
  "adjacency_mode": "major",
  "num_courses": 70,
  "num_students": 40,
  "num_enrollments": 142,
  "k": 12,
  "avg_courses_per_student": 3.55,
  "runtime_seconds": 27.931325912475586,
  "energy": -35219742.857143186,
  "is_valid": false,
  "graph_conflict_edges": 295,
  "solution_conflict_violations": 1,
  "num_conflicts": 1,
  "graph_conflict_density_pct": 12.215320910973086,
  "conflict_violations_pct": 0.3389830508474576,
  "c1_onehot_violations": 3,
  "c2_conflict_violations": 1,
  "c3_consecutive_violations": 4,
  "c4_slots_over_capacity": 0,
  "c4_max_overflow": 0.0,
  "c4_total_overflow": 0.0,
  "other_violations": 1,
  "repair": {
    "attempted": true,
    "applied": false,
    "message": "Brute-force repair failed within node budget (visited 1 nodes, limit=200000).",
    "repaired_exam_count": 8,
    "search_nodes": 1
  },
  "colors_used": 12,
  "coloring": {
    "0": 9,
    "1": 3,
    "2": 3,
    "3": 1,
    "4": 5,
    "5": 8,
    "6": 11,
    "7": 3,
    "8": 2,
    "9": 10,
    "10": 7,
    "11": 0,
    "12": 2,
    "13": 11,
    "14": 5,
    "15": 11,
    "16": 0,
    "17": 9,
    "18": 4,
    "19": 10,
    "20": 11,
    "21": 9,
    "22": 2,
    "23": 11,
    "24": 4,
    "25": 1,
    "26": 6,
    "27": 5,
    "28": 7,
    "29": 1,
    "30": 10,
    "31": 0,
    "32": 8,
    "33": 10,
    "34": 3,
    "35": 9,
    "36": 7,
    "37": 4,
    "38": 2,
    "40": 9,
    "41": 9,
    "42": 10,
    "43": 0,
    "44": 11,
    "45": 8,
    "46": 5,
    "48": 11,
    "49": 3,
    "51": 6,
    "52": 6,
    "53": 9,
    "54": 7,
    "55": 6,
    "56": 10,
    "57": 2,
    "58": 9,
    "59": 0,
    "60": 1,
    "61": 4,
    "62": 1,
    "63": 9,
    "64": 10,
    "65": 6,
    "66": 8,
    "67": 3,
    "68": 6,
    "69": 8
  }
}