{
  "backend": "neal",
  "adjacency_mode": "major",
  "num_courses": 70,
  "num_students": 40,
  "num_enrollments": 142,
  "k": 12,
  "avg_courses_per_student": 3.55,
  "runtime_seconds": 29.684226036071777,
  "energy": -35219742.85714311,
  "is_valid": false,
  "graph_conflict_edges": 295,
  "solution_conflict_violations": 1,
  "num_conflicts": 1,
  "graph_conflict_density_pct": 12.215320910973086,
  "conflict_violations_pct": 0.3389830508474576,
  "c1_onehot_violations": 3,
  "c2_conflict_violations": 1,
  "c3_consecutive_violations": 4,
  "c4_slots_over_capacity": 0,
  "c4_max_overflow": 0.0,
  "c4_total_overflow": 0.0,
  "other_violations": 1,
  "repair": {
    "attempted": true,
    "applied": false,
    "message": "Brute-force repair failed within node budget (visited 1 nodes, limit=200000).",
    "repaired_exam_count": 8,
    "search_nodes": 1
  },
  "colors_used": 12,
  "coloring": {
    "0": 6,
    "1": 2,
    "2": 11,
    "3": 4,
    "4": 9,
    "5": 1,
    "6": 2,
    "7": 11,
    "8": 1,
    "9": 11,
    "10": 1,
    "11": 5,
    "12": 7,
    "13": 6,
    "14": 2,
    "15": 7,
    "16": 8,
    "17": 2,
    "18": 6,
    "19": 8,
    "20": 0,
    "21": 10,
    "22": 2,
    "23": 7,
    "24": 8,
    "25": 5,
    "26": 4,
    "27": 0,
    "28": 11,
    "30": 4,
    "31": 5,
    "32": 9,
    "33": 6,
    "34": 1,
    "35": 0,
    "36": 3,
    "37": 1,
    "39": 9,
    "40": 11,
    "41": 8,
    "42": 0,
    "43": 4,
    "44": 9,
    "45": 2,
    "46": 10,
    "47": 7,
    "48": 6,
    "49": 8,
    "51": 10,
    "52": 10,
    "53": 3,
    "54": 11,
    "55": 10,
    "56": 3,
    "57": 6,
    "58": 8,
    "59": 10,
    "60": 8,
    "61": 7,
    "62": 5,
    "63": 1,
    "64": 7,
    "65": 9,
    "66": 4,
    "67": 5,
    "68": 7,
    "69": 5
  }
}