{
  "backend": "neal",
  "adjacency_mode": "major",
  "num_courses": 70,
  "num_students": 40,
  "num_enrollments": 142,
  "k": 18,
  "avg_courses_per_student": 3.55,
  "runtime_seconds": 45.89070010185242,
  "energy": -52525200.0,
  "is_valid": false,
  "graph_conflict_edges": 295,
  "solution_conflict_violations": 0,
  "num_conflicts": 0,
  "graph_conflict_density_pct": 12.215320910973086,
  "conflict_violations_pct": 0.0,
  "c1_onehot_violations": 0,
  "c2_conflict_violations": 0,
  "c3_consecutive_violations": 18,
  "c4_slots_over_capacity": 0,
  "c4_max_overflow": 0.0,
  "c4_total_overflow": 0.0,
  "other_violations": 0,
  "colors_used": 18,
  "coloring": {
    "0": 17,
    "1": 7,
    "2": 0,
    "3": 5,
    "4": 3,
    "5": 2,
    "6": 0,
    "7": 16,
    "8": 9,
    "9": 6,
    "10": 16,
    "11": 8,
    "12": 12,
    "13": 3,
    "14": 3,
    "15": 17,
    "16": 17,
    "17": 13,
    "18": 14,
    "19": 7,
    "20": 5,
    "21": 17,
    "22": 4,
    "23": 16,
    "24": 2,
    "25": 12,
    "26": 6,
    "27": 4,
    "28": 0,
    "29": 15,
    "30": 3,
    "31": 7,
    "32": 7,
    "33": 13,
    "34": 1,
    "35": 17,
    "36": 0,
    "37": 2,
    "38": 17,
    "39": 10,
    "40": 4,
    "41": 13,
    "42": 3,
    "43": 7,
    "44": 17,
    "45": 13,
    "46": 11,
    "47": 8,
    "48": 9,
    "49": 16,
    "50": 1,
    "51": 12,
    "52": 5,
    "53": 11,
    "54": 16,
    "55": 2,
    "56": 3,
    "57": 7,
    "58": 7,
    "59": 17,
    "60": 9,
    "61": 17,
    "62": 6,
    "63": 11,
    "64": 2,
    "65": 8,
    "66": 10,
    "67": 7,
    "68": 7,
    "69": 14
  }
}