{
  "backend": "neal",
  "adjacency_mode": "major",
  "num_courses": 55,
  "num_students": 21,
  "num_enrollments": 81,
  "k": 10,
  "avg_courses_per_student": 3.857142857142857,
  "runtime_seconds": 0.11406683921813965,
  "energy": -29300800.0,
  "is_valid": false,
  "num_conflicts": 6,
  "colors_used": 10,
  "coloring": {
    "0": 6,
    "1": 3,
    "2": 9,
    "3": 5,
    "4": 9,
    "5": 5,
    "6": 4,
    "7": 0,
    "8": 7,
    "9": 1,
    "10": 6,
    "11": 9,
    "12": 7,
    "13": 7,
    "14": 9,
    "15": 2,
    "16": 0,
    "17": 9,
    "18": 8,
    "19": 7,
    "20": 1,
    "21": 1,
    "22": 0,
    "23": 4,
    "24": 8,
    "25": 2,
    "26": 4,
    "27": 6,
    "28": 5,
    "29": 0,
    "30": 5,
    "31": 5,
    "32": 3,
    "33": 6,
    "34": 8,
    "35": 2,
    "36": 7,
    "37": 4,
    "38": 9,
    "39": 3,
    "40": 9,
    "41": 7,
    "42": 0,
    "43": 6,
    "44": 0,
    "45": 6,
    "46": 2,
    "47": 7,
    "48": 2,
    "49": 9,
    "50": 1,
    "51": 4,
    "52": 6,
    "53": 5,
    "54": 0
  }
}