{
  "backend": "neal",
  "adjacency_mode": "major",
  "num_courses": 58,
  "num_students": 25,
  "num_enrollments": 90,
  "k": 10,
  "avg_courses_per_student": 3.6,
  "runtime_seconds": 0.12271499633789062,
  "energy": -29330000.0,
  "is_valid": false,
  "graph_conflict_edges": 265,
  "solution_conflict_violations": 6,
  "num_conflicts": 6,
  "graph_conflict_density_pct": 16.031457955232913,
  "conflict_violations_pct": 2.2641509433962264,
  "c1_onehot_violations": 0,
  "c2_conflict_violations": 6,
  "c3_consecutive_violations": 40,
  "c4_slots_over_capacity": 0,
  "c4_max_overflow": 0.0,
  "c4_total_overflow": 0.0,
  "other_violations": 0,
  "colors_used": 10,
  "coloring": {
    "0": 6,
    "1": 9,
    "2": 3,
    "3": 8,
    "4": 2,
    "5": 1,
    "6": 4,
    "7": 3,
    "8": 7,
    "9": 2,
    "10": 4,
    "11": 3,
    "12": 0,
    "13": 2,
    "14": 9,
    "15": 4,
    "16": 1,
    "17": 8,
    "18": 5,
    "19": 6,
    "20": 9,
    "21": 2,
    "22": 0,
    "23": 7,
    "24": 9,
    "25": 4,
    "26": 0,
    "27": 2,
    "28": 3,
    "29": 2,
    "30": 8,
    "31": 3,
    "32": 3,
    "33": 7,
    "34": 5,
    "35": 2,
    "36": 9,
    "37": 1,
    "38": 6,
    "39": 0,
    "40": 4,
    "41": 6,
    "42": 1,
    "43": 1,
    "44": 8,
    "45": 5,
    "46": 2,
    "47": 3,
    "48": 6,
    "49": 0,
    "50": 3,
    "51": 0,
    "52": 4,
    "53": 7,
    "54": 2,
    "55": 1,
    "56": 7,
    "57": 1
  }
}