{
  "backend": "neal",
  "adjacency_mode": "major",
  "num_courses": 70,
  "num_students": 40,
  "num_enrollments": 142,
  "k": 18,
  "avg_courses_per_student": 3.55,
  "runtime_seconds": 45.32917404174805,
  "energy": -52525400.0,
  "is_valid": false,
  "graph_conflict_edges": 295,
  "solution_conflict_violations": 0,
  "num_conflicts": 0,
  "graph_conflict_density_pct": 12.215320910973086,
  "conflict_violations_pct": 0.0,
  "c3_consecutive_violations": 20,
  "c4_slots_over_capacity": 0,
  "c4_max_overflow": 0.0,
  "c4_total_overflow": 0.0,
  "colors_used": 18,
  "coloring": {
    "0": 5,
    "1": 9,
    "2": 5,
    "3": 6,
    "4": 0,
    "5": 1,
    "6": 7,
    "7": 13,
    "8": 17,
    "9": 15,
    "10": 4,
    "11": 11,
    "12": 10,
    "13": 3,
    "14": 8,
    "15": 11,
    "16": 11,
    "17": 7,
    "18": 1,
    "19": 0,
    "20": 9,
    "21": 6,
    "22": 5,
    "23": 7,
    "24": 1,
    "25": 10,
    "26": 13,
    "27": 13,
    "28": 4,
    "29": 8,
    "30": 0,
    "31": 2,
    "32": 17,
    "33": 2,
    "34": 14,
    "35": 4,
    "36": 0,
    "37": 3,
    "38": 12,
    "39": 15,
    "40": 16,
    "41": 11,
    "42": 9,
    "43": 7,
    "44": 3,
    "45": 14,
    "46": 11,
    "47": 17,
    "48": 5,
    "49": 6,
    "50": 1,
    "51": 16,
    "52": 11,
    "53": 9,
    "54": 11,
    "55": 13,
    "56": 2,
    "57": 0,
    "58": 17,
    "59": 8,
    "60": 1,
    "61": 1,
    "62": 1,
    "63": 11,
    "64": 13,
    "65": 17,
    "66": 7,
    "67": 0,
    "68": 9,
    "69": 4
  }
}