{
  "backend": "neal",
  "adjacency_mode": "major",
  "num_courses": 70,
  "num_students": 40,
  "num_enrollments": 142,
  "k": 18,
  "avg_courses_per_student": 3.55,
  "runtime_seconds": 45.631722927093506,
  "energy": -52528200.0,
  "is_valid": true,
  "graph_conflict_edges": 295,
  "solution_conflict_violations": 0,
  "num_conflicts": 0,
  "graph_conflict_density_pct": 12.215320910973086,
  "conflict_violations_pct": 0.0,
  "colors_used": 18,
  "coloring": {
    "0": 3,
    "1": 16,
    "2": 0,
    "3": 1,
    "4": 17,
    "5": 0,
    "6": 7,
    "7": 10,
    "8": 4,
    "9": 3,
    "10": 15,
    "11": 5,
    "12": 7,
    "13": 13,
    "14": 9,
    "15": 7,
    "16": 10,
    "17": 3,
    "18": 2,
    "19": 7,
    "20": 7,
    "21": 8,
    "22": 7,
    "23": 5,
    "24": 12,
    "25": 9,
    "26": 3,
    "27": 13,
    "28": 4,
    "29": 11,
    "30": 7,
    "31": 15,
    "32": 0,
    "33": 4,
    "34": 15,
    "35": 0,
    "36": 7,
    "37": 0,
    "38": 17,
    "39": 8,
    "40": 6,
    "41": 5,
    "42": 9,
    "43": 5,
    "44": 13,
    "45": 12,
    "46": 16,
    "47": 2,
    "48": 10,
    "49": 1,
    "50": 14,
    "51": 9,
    "52": 3,
    "53": 6,
    "54": 16,
    "55": 17,
    "56": 10,
    "57": 12,
    "58": 9,
    "59": 4,
    "60": 12,
    "61": 7,
    "62": 15,
    "63": 10,
    "64": 17,
    "65": 15,
    "66": 13,
    "67": 4,
    "68": 5,
    "69": 17
  }
}