{
  "backend": "neal",
  "adjacency_mode": "major",
  "num_courses": 70,
  "num_students": 40,
  "num_enrollments": 142,
  "k": 18,
  "avg_courses_per_student": 3.55,
  "runtime_seconds": 42.06250190734863,
  "energy": -52538200.00000237,
  "is_valid": true,
  "graph_conflict_edges": 295,
  "solution_conflict_violations": 0,
  "num_conflicts": 0,
  "graph_conflict_density_pct": 12.215320910973086,
  "conflict_violations_pct": 0.0,
  "c1_onehot_violations": 0,
  "c2_conflict_violations": 0,
  "c3_consecutive_violations": 0,
  "c4_slots_over_capacity": 0,
  "c4_max_overflow": 0.0,
  "c4_total_overflow": 0.0,
  "other_violations": 0,
  "repair": {
    "attempted": true,
    "applied": true,
    "message": "Brute-force repair succeeded for 4 exams after visiting 4 nodes.",
    "repaired_exam_count": 4,
    "search_nodes": 4
  },
  "colors_used": 18,
  "coloring": {
    "0": 0,
    "1": 6,
    "2": 16,
    "3": 0,
    "4": 8,
    "5": 14,
    "6": 5,
    "7": 16,
    "8": 1,
    "9": 5,
    "10": 15,
    "11": 13,
    "12": 11,
    "13": 4,
    "14": 10,
    "15": 11,
    "16": 6,
    "17": 16,
    "18": 8,
    "19": 14,
    "20": 17,
    "21": 6,
    "22": 10,
    "23": 14,
    "24": 4,
    "25": 12,
    "26": 2,
    "27": 5,
    "28": 2,
    "29": 17,
    "30": 9,
    "31": 1,
    "32": 8,
    "33": 3,
    "34": 11,
    "35": 1,
    "37": 4,
    "38": 7,
    "40": 9,
    "41": 3,
    "42": 13,
    "43": 8,
    "44": 1,
    "45": 11,
    "46": 6,
    "47": 16,
    "48": 0,
    "49": 3,
    "50": 8,
    "52": 6,
    "54": 6,
    "55": 14,
    "56": 16,
    "57": 4,
    "58": 7,
    "59": 4,
    "60": 16,
    "61": 14,
    "62": 11,
    "63": 0,
    "64": 6,
    "65": 0,
    "66": 9,
    "67": 10,
    "68": 9,
    "69": 6,
    "36": 12,
    "39": 14,
    "51": 10,
    "53": 12
  }
}